{
  "149 /login/index.php" : {
    "transaction" : "149 /login/index.php",
    "sampleCount" : 600,
    "errorCount" : 0,
    "errorPct" : 0.0,
    "meanResTime" : 505.0433333333334,
    "minResTime" : 186.0,
    "maxResTime" : 1977.0,
    "pct1ResTime" : 1074.9,
    "pct2ResTime" : 1208.8999999999944,
    "pct3ResTime" : 1905.5000000000014,
    "throughput" : 3.190335410596167,
    "receivedKBytesPerSec" : 85.65397347967225,
    "sentKBytesPerSec" : 1.325775450900738
  },
  "880 Finish Attempt-0" : {
    "transaction" : "880 Finish Attempt-0",
    "sampleCount" : 300,
    "errorCount" : 0,
    "errorPct" : 0.0,
    "meanResTime" : 358.9066666666668,
    "minResTime" : 199.0,
    "maxResTime" : 1668.0,
    "pct1ResTime" : 651.6000000000015,
    "pct2ResTime" : 763.95,
    "pct3ResTime" : 1228.6600000000021,
    "throughput" : 1.8501958123901445,
    "receivedKBytesPerSec" : 2.038612237503469,
    "sentKBytesPerSec" : 0.0
  },
  "296 login" : {
    "transaction" : "296 login",
    "sampleCount" : 300,
    "errorCount" : 0,
    "errorPct" : 0.0,
    "meanResTime" : 1959.2599999999982,
    "minResTime" : 343.0,
    "maxResTime" : 8397.0,
    "pct1ResTime" : 5616.600000000005,
    "pct2ResTime" : 6244.299999999999,
    "pct3ResTime" : 7417.780000000001,
    "throughput" : 1.8535566663165504,
    "receivedKBytesPerSec" : 167.02677274352646,
    "sentKBytesPerSec" : 2.7747598485644205
  },
  "732 /mod/quiz/processattempt.php-1" : {
    "transaction" : "732 /mod/quiz/processattempt.php-1",
    "sampleCount" : 300,
    "errorCount" : 0,
    "errorPct" : 0.0,
    "meanResTime" : 1057.2133333333336,
    "minResTime" : 317.0,
    "maxResTime" : 4838.0,
    "pct1ResTime" : 2032.7,
    "pct2ResTime" : 2493.6,
    "pct3ResTime" : 3064.8900000000003,
    "throughput" : 1.840886079833093,
    "receivedKBytesPerSec" : 481.34464503497685,
    "sentKBytesPerSec" : 1.0920193753259901
  },
  "720 /mod/quiz/startattempt.php-0" : {
    "transaction" : "720 /mod/quiz/startattempt.php-0",
    "sampleCount" : 300,
    "errorCount" : 0,
    "errorPct" : 0.0,
    "meanResTime" : 720.2466666666667,
    "minResTime" : 210.0,
    "maxResTime" : 3386.0,
    "pct1ResTime" : 1557.1000000000004,
    "pct2ResTime" : 1869.4999999999995,
    "pct3ResTime" : 2192.94,
    "throughput" : 1.846881233224162,
    "receivedKBytesPerSec" : 2.0602104444211875,
    "sentKBytesPerSec" : 1.2152622802211333
  },
  "732 /mod/quiz/processattempt.php-0" : {
    "transaction" : "732 /mod/quiz/processattempt.php-0",
    "sampleCount" : 300,
    "errorCount" : 0,
    "errorPct" : 0.0,
    "meanResTime" : 608.5833333333335,
    "minResTime" : 190.0,
    "maxResTime" : 2215.0,
    "pct1ResTime" : 1274.900000000001,
    "pct2ResTime" : 1526.6,
    "pct3ResTime" : 1690.97,
    "throughput" : 1.8421408132437644,
    "receivedKBytesPerSec" : 2.087303850381323,
    "sentKBytesPerSec" : 3.2149914570719784
  },
  "880 /mod/quiz/processattempt.php-0" : {
    "transaction" : "880 /mod/quiz/processattempt.php-0",
    "sampleCount" : 300,
    "errorCount" : 0,
    "errorPct" : 0.0,
    "meanResTime" : 348.47,
    "minResTime" : 191.0,
    "maxResTime" : 1832.0,
    "pct1ResTime" : 625.2000000000016,
    "pct2ResTime" : 771.4499999999998,
    "pct3ResTime" : 1351.5700000000004,
    "throughput" : 1.8496368546308741,
    "receivedKBytesPerSec" : 2.063284361628667,
    "sentKBytesPerSec" : 3.2426807364945684
  },
  "880 /mod/quiz/processattempt.php-1" : {
    "transaction" : "880 /mod/quiz/processattempt.php-1",
    "sampleCount" : 300,
    "errorCount" : 0,
    "errorPct" : 0.0,
    "meanResTime" : 559.3733333333331,
    "minResTime" : 299.0,
    "maxResTime" : 3212.0,
    "pct1ResTime" : 1050.5000000000023,
    "pct2ResTime" : 1259.7999999999997,
    "pct3ResTime" : 2190.5800000000004,
    "throughput" : 1.8485996857380533,
    "receivedKBytesPerSec" : 481.21297384809134,
    "sentKBytesPerSec" : 1.0965951104538312
  },
  "630 /mod/quiz/view.php" : {
    "transaction" : "630 /mod/quiz/view.php",
    "sampleCount" : 300,
    "errorCount" : 0,
    "errorPct" : 0.0,
    "meanResTime" : 1029.1766666666679,
    "minResTime" : 299.0,
    "maxResTime" : 5346.0,
    "pct1ResTime" : 2296.7000000000007,
    "pct2ResTime" : 2606.95,
    "pct3ResTime" : 3116.1500000000005,
    "throughput" : 1.8448142272073202,
    "receivedKBytesPerSec" : 473.376370110858,
    "sentKBytesPerSec" : 0.9580783262000517
  },
  "720 /mod/quiz/startattempt.php-1" : {
    "transaction" : "720 /mod/quiz/startattempt.php-1",
    "sampleCount" : 300,
    "errorCount" : 0,
    "errorPct" : 0.0,
    "meanResTime" : 972.0766666666672,
    "minResTime" : 316.0,
    "maxResTime" : 4248.0,
    "pct1ResTime" : 1898.0000000000005,
    "pct2ResTime" : 2374.0499999999997,
    "pct3ResTime" : 2947.010000000002,
    "throughput" : 1.8391255571017833,
    "receivedKBytesPerSec" : 481.0591320534296,
    "sentKBytesPerSec" : 1.152039743503289
  },
  "880 Finish Attempt-1" : {
    "transaction" : "880 Finish Attempt-1",
    "sampleCount" : 300,
    "errorCount" : 0,
    "errorPct" : 0.0,
    "meanResTime" : 500.68,
    "minResTime" : 307.0,
    "maxResTime" : 1429.0,
    "pct1ResTime" : 760.8000000000001,
    "pct2ResTime" : 1062.5,
    "pct3ResTime" : 1353.6100000000004,
    "throughput" : 1.8507322730693778,
    "receivedKBytesPerSec" : 487.7228252739083,
    "sentKBytesPerSec" : 0.0
  },
  "464 /course/view.php" : {
    "transaction" : "464 /course/view.php",
    "sampleCount" : 600,
    "errorCount" : 0,
    "errorPct" : 0.0,
    "meanResTime" : 2710.956666666664,
    "minResTime" : 413.0,
    "maxResTime" : 10274.0,
    "pct1ResTime" : 6968.099999999998,
    "pct2ResTime" : 8429.549999999997,
    "pct3ResTime" : 9266.51,
    "throughput" : 3.44220255067209,
    "receivedKBytesPerSec" : 2456.660776227432,
    "sentKBytesPerSec" : 4.814780817752586
  },
  "880 /mod/quiz/processattempt.php" : {
    "transaction" : "880 /mod/quiz/processattempt.php",
    "sampleCount" : 300,
    "errorCount" : 0,
    "errorPct" : 0.0,
    "meanResTime" : 907.9166666666663,
    "minResTime" : 494.0,
    "maxResTime" : 4023.0,
    "pct1ResTime" : 1528.7,
    "pct2ResTime" : 2059.999999999999,
    "pct3ResTime" : 3454.1900000000032,
    "throughput" : 1.8461765683269948,
    "receivedKBytesPerSec" : 482.6416313104623,
    "sentKBytesPerSec" : 4.331772064117713
  },
  "300 /login/index.php-0" : {
    "transaction" : "300 /login/index.php-0",
    "sampleCount" : 300,
    "errorCount" : 0,
    "errorPct" : 0.0,
    "meanResTime" : 989.7600000000007,
    "minResTime" : 162.0,
    "maxResTime" : 5145.0,
    "pct1ResTime" : 2692.2000000000007,
    "pct2ResTime" : 4145.0499999999965,
    "pct3ResTime" : 5096.880000000001,
    "throughput" : 1.8637592023110614,
    "receivedKBytesPerSec" : 2.0985006445500574,
    "sentKBytesPerSec" : 1.2841252368527318
  },
  "732 /mod/quiz/processattempt.php" : {
    "transaction" : "732 /mod/quiz/processattempt.php",
    "sampleCount" : 600,
    "errorCount" : 0,
    "errorPct" : 0.0,
    "meanResTime" : 2157.108333333331,
    "minResTime" : 517.0,
    "maxResTime" : 7720.0,
    "pct1ResTime" : 4235.299999999999,
    "pct2ResTime" : 5091.549999999991,
    "pct3ResTime" : 6591.380000000001,
    "throughput" : 3.5317385571670745,
    "receivedKBytesPerSec" : 1389.1952954391274,
    "sentKBytesPerSec" : 9.220090956983425
  },
  "Total" : {
    "transaction" : "Total",
    "sampleCount" : 5800,
    "errorCount" : 0,
    "errorPct" : 0.0,
    "meanResTime" : 932.9243103448266,
    "minResTime" : 162.0,
    "maxResTime" : 8397.0,
    "pct1ResTime" : 2011.9000000000005,
    "pct2ResTime" : 2751.8999999999996,
    "pct3ResTime" : 4913.809999999996,
    "throughput" : 28.869509815633336,
    "receivedKBytesPerSec" : 4900.693761658243,
    "sentKBytesPerSec" : 25.248707871670053
  },
  "720 /mod/quiz/startattempt.php" : {
    "transaction" : "720 /mod/quiz/startattempt.php",
    "sampleCount" : 300,
    "errorCount" : 0,
    "errorPct" : 0.0,