{
  "149 /login/index.php" : {
    "transaction" : "149 /login/index.php",
    "sampleCount" : 600,
    "errorCount" : 0,
    "errorPct" : 0.0,
    "meanResTime" : 537.4966666666675,
    "minResTime" : 188.0,
    "maxResTime" : 2710.0,
    "pct1ResTime" : 1103.9,
    "pct2ResTime" : 1781.2499999999964,
    "pct3ResTime" : 2291.8900000000003,
    "throughput" : 3.17567853664733,
    "receivedKBytesPerSec" : 85.25653817628721,
    "sentKBytesPerSec" : 1.3192711420798577
  },
  "880 Finish Attempt-0" : {
    "transaction" : "880 Finish Attempt-0",
    "sampleCount" : 300,
    "errorCount" : 0,
    "errorPct" : 0.0,
    "meanResTime" : 359.4199999999998,
    "minResTime" : 215.0,
    "maxResTime" : 1209.0,
    "pct1ResTime" : 625.9000000000003,
    "pct2ResTime" : 787.8999999999997,
    "pct3ResTime" : 1167.3500000000006,
    "throughput" : 1.8163324614937517,
    "receivedKBytesPerSec" : 2.0025774892836385,
    "sentKBytesPerSec" : 0.0
  },
  "296 login" : {
    "transaction" : "296 login",
    "sampleCount" : 300,
    "errorCount" : 0,
    "errorPct" : 0.0,
    "meanResTime" : 2110.79,
    "minResTime" : 336.0,
    "maxResTime" : 10059.0,
    "pct1ResTime" : 6021.000000000002,
    "pct2ResTime" : 7020.049999999998,
    "pct3ResTime" : 8467.030000000002,
    "throughput" : 1.8449390247652315,
    "receivedKBytesPerSec" : 166.41834059649955,
    "sentKBytesPerSec" : 2.7611386271808716
  },
  "732 /mod/quiz/processattempt.php-1" : {
    "transaction" : "732 /mod/quiz/processattempt.php-1",
    "sampleCount" : 300,
    "errorCount" : 0,
    "errorPct" : 0.0,
    "meanResTime" : 1080.1199999999992,
    "minResTime" : 328.0,
    "maxResTime" : 4648.0,
    "pct1ResTime" : 2222.1000000000004,
    "pct2ResTime" : 2583.8999999999996,
    "pct3ResTime" : 2885.4900000000007,
    "throughput" : 1.811845848155239,
    "receivedKBytesPerSec" : 473.8369754423169,
    "sentKBytesPerSec" : 1.0750757200577374
  },
  "720 /mod/quiz/startattempt.php-0" : {
    "transaction" : "720 /mod/quiz/startattempt.php-0",
    "sampleCount" : 300,
    "errorCount" : 0,
    "errorPct" : 0.0,
    "meanResTime" : 761.4900000000005,
    "minResTime" : 226.0,
    "maxResTime" : 2191.0,
    "pct1ResTime" : 1694.3000000000002,
    "pct2ResTime" : 1812.9,
    "pct3ResTime" : 2063.8100000000004,
    "throughput" : 1.8277414598780288,
    "receivedKBytesPerSec" : 2.0401450084380732,
    "sentKBytesPerSec" : 1.2023111790760157
  },
  "732 /mod/quiz/processattempt.php-0" : {
    "transaction" : "732 /mod/quiz/processattempt.php-0",
    "sampleCount" : 300,
    "errorCount" : 0,
    "errorPct" : 0.0,
    "meanResTime" : 622.9766666666671,
    "minResTime" : 203.0,
    "maxResTime" : 3193.0,
    "pct1ResTime" : 1289.5000000000002,
    "pct2ResTime" : 1636.3999999999992,
    "pct3ResTime" : 1834.93,
    "throughput" : 1.8130503363208375,
    "receivedKBytesPerSec" : 2.0556166410825116,
    "sentKBytesPerSec" : 3.1644987652371768
  },
  "880 /mod/quiz/processattempt.php-0" : {
    "transaction" : "880 /mod/quiz/processattempt.php-0",
    "sampleCount" : 300,
    "errorCount" : 0,
    "errorPct" : 0.0,
    "meanResTime" : 345.4866666666666,
    "minResTime" : 198.0,
    "maxResTime" : 1470.0,
    "pct1ResTime" : 579.0000000000003,
    "pct2ResTime" : 785.8999999999997,
    "pct3ResTime" : 1321.4300000000005,
    "throughput" : 1.8170475400204722,
    "receivedKBytesPerSec" : 2.02820833812832,
    "sentKBytesPerSec" : 3.1823647586658024
  },
  "880 /mod/quiz/processattempt.php-1" : {
    "transaction" : "880 /mod/quiz/processattempt.php-1",
    "sampleCount" : 300,
    "errorCount" : 0,
    "errorPct" : 0.0,
    "meanResTime" : 532.6500000000002,
    "minResTime" : 307.0,
    "maxResTime" : 2754.0,
    "pct1ResTime" : 946.2000000000003,
    "pct2ResTime" : 1297.7499999999993,
    "pct3ResTime" : 2219.4100000000026,
    "throughput" : 1.8149808519520119,
    "receivedKBytesPerSec" : 472.51873802301697,
    "sentKBytesPerSec" : 1.0769359039512134
  },
  "630 /mod/quiz/view.php" : {
    "transaction" : "630 /mod/quiz/view.php",
    "sampleCount" : 300,
    "errorCount" : 0,
    "errorPct" : 0.0,
    "meanResTime" : 1090.6800000000005,
    "minResTime" : 317.0,
    "maxResTime" : 3742.0,
    "pct1ResTime" : 2505.100000000001,
    "pct2ResTime" : 2685.5499999999997,
    "pct3ResTime" : 3488.9900000000043,
    "throughput" : 1.8311888077740068,
    "receivedKBytesPerSec" : 469.94755694615696,
    "sentKBytesPerSec" : 0.9506445021608028
  },
  "720 /mod/quiz/startattempt.php-1" : {
    "transaction" : "720 /mod/quiz/startattempt.php-1",
    "sampleCount" : 300,
    "errorCount" : 0,
    "errorPct" : 0.0,
    "meanResTime" : 966.6633333333327,
    "minResTime" : 319.0,
    "maxResTime" : 2804.0,
    "pct1ResTime" : 2083.1000000000004,
    "pct2ResTime" : 2457.7,
    "pct3ResTime" : 2732.9700000000003,
    "throughput" : 1.811845848155239,
    "receivedKBytesPerSec" : 474.00819841372896,
    "sentKBytesPerSec" : 1.1352346642347668
  },
  "880 Finish Attempt-1" : {
    "transaction" : "880 Finish Attempt-1",
    "sampleCount" : 300,
    "errorCount" : 0,
    "errorPct" : 0.0,
    "meanResTime" : 512.9200000000008,
    "minResTime" : 314.0,
    "maxResTime" : 1867.0,
    "pct1ResTime" : 804.7000000000007,
    "pct2ResTime" : 1269.1,
    "pct3ResTime" : 1742.8700000000001,
    "throughput" : 1.8160465876484617,
    "receivedKBytesPerSec" : 478.605357327975,
    "sentKBytesPerSec" : 0.0
  },
  "464 /course/view.php" : {
    "transaction" : "464 /course/view.php",
    "sampleCount" : 600,
    "errorCount" : 0,
    "errorPct" : 0.0,
    "meanResTime" : 2853.611666666669,
    "minResTime" : 427.0,
    "maxResTime" : 10430.0,
    "pct1ResTime" : 7050.799999999999,
    "pct2ResTime" : 8798.849999999995,
    "pct3ResTime" : 9761.11,
    "throughput" : 3.4293356805230877,
    "receivedKBytesPerSec" : 2447.935986448408,
    "sentKBytesPerSec" : 4.795711615731506
  },
  "880 /mod/quiz/processattempt.php" : {
    "transaction" : "880 /mod/quiz/processattempt.php",
    "sampleCount" : 300,
    "errorCount" : 0,
    "errorPct" : 0.0,
    "meanResTime" : 878.2133333333336,
    "minResTime" : 513.0,
    "maxResTime" : 3789.0,
    "pct1ResTime" : 1578.5000000000011,
    "pct2ResTime" : 1985.35,
    "pct3ResTime" : 2924.370000000001,
    "throughput" : 1.812152293278727,
    "receivedKBytesPerSec" : 473.8050849465264,
    "sentKBytesPerSec" : 4.249048808811892
  },
  "300 /login/index.php-0" : {
    "transaction" : "300 /login/index.php-0",
    "sampleCount" : 300,
    "errorCount" : 0,
    "errorPct" : 0.0,
    "meanResTime" : 1054.2399999999998,
    "minResTime" : 163.0,
    "maxResTime" : 6196.0,
    "pct1ResTime" : 2700.3,
    "pct2ResTime" : 4994.549999999999,
    "pct3ResTime" : 5747.93,
    "throughput" : 1.8545420826507588,
    "receivedKBytesPerSec" : 2.0881226238679567,
    "sentKBytesPerSec" : 1.2775331885760208
  },
  "732 /mod/quiz/processattempt.php" : {
    "transaction" : "732 /mod/quiz/processattempt.php",
    "sampleCount" : 600,
    "errorCount" : 0,
    "errorPct" : 0.0,
    "meanResTime" : 2207.9133333333334,
    "minResTime" : 545.0,
    "maxResTime" : 8151.0,
    "pct1ResTime" : 4254.0,
    "pct2ResTime" : 5351.75,
    "pct3ResTime" : 6679.99,
    "throughput" : 3.4788658897199514,
    "receivedKBytesPerSec" : 1368.6604180708964,
    "sentKBytesPerSec" : 9.083407168638024
  },
  "Total" : {
    "transaction" : "Total",
    "sampleCount" : 5800,
    "errorCount" : 0,
    "errorPct" : 0.0,
    "meanResTime" : 965.5365517241395,
    "minResTime" : 156.0,
    "maxResTime" : 10059.0,
    "pct1ResTime" : 2140.800000000001,
    "pct2ResTime" : 2804.0,
    "pct3ResTime" : 5191.949999999999,
    "throughput" : 28.565659152584946,
    "receivedKBytesPerSec" : 4850.069118006031,
    "sentKBytesPerSec" : 24.97735794433144
  },
  "720 /mod/quiz/startattempt.php" : {
    "transaction" : "720 /mod/quiz/startattempt.php",
    "sampleCount" : 300,
    "errorCount" : 0,
    "errorPct" : 0.0,