{
  "149 /login/index.php" : {
    "transaction" : "149 /login/index.php",
    "sampleCount" : 600,
    "errorCount" : 0,
    "errorPct" : 0.0,
    "meanResTime" : 3475.3300000000017,
    "minResTime" : 232.0,
    "maxResTime" : 8455.0,
    "pct1ResTime" : 6295.299999999999,
    "pct2ResTime" : 7652.799999999999,
    "pct3ResTime" : 8369.18,
    "throughput" : 1.5482951979624435,
    "receivedKBytesPerSec" : 41.56750756567997,
    "sentKBytesPerSec" : 0.6434093911845232
  },
  "880 Finish Attempt-0" : {
    "transaction" : "880 Finish Attempt-0",
    "sampleCount" : 300,
    "errorCount" : 0,
    "errorPct" : 0.0,
    "meanResTime" : 4974.059999999998,
    "minResTime" : 326.0,
    "maxResTime" : 9599.0,
    "pct1ResTime" : 7957.7,
    "pct2ResTime" : 8418.9,
    "pct3ResTime" : 9084.16,
    "throughput" : 0.8677743323922802,
    "receivedKBytesPerSec" : 0.9561675433597908,
    "sentKBytesPerSec" : 0.0
  },
  "296 login" : {
    "transaction" : "296 login",
    "sampleCount" : 300,
    "errorCount" : 0,
    "errorPct" : 0.0,
    "meanResTime" : 13538.423333333327,
    "minResTime" : 400.0,
    "maxResTime" : 32700.0,
    "pct1ResTime" : 30750.9,
    "pct2ResTime" : 31522.5,
    "pct3ResTime" : 32304.190000000002,
    "throughput" : 0.8091029475620379,
    "receivedKBytesPerSec" : 73.57300051276899,
    "sentKBytesPerSec" : 1.211220791383593
  },
  "732 /mod/quiz/processattempt.php-1" : {
    "transaction" : "732 /mod/quiz/processattempt.php-1",
    "sampleCount" : 300,
    "errorCount" : 0,
    "errorPct" : 0.0,
    "meanResTime" : 8152.649999999996,
    "minResTime" : 1399.0,
    "maxResTime" : 11800.0,
    "pct1ResTime" : 10489.700000000003,
    "pct2ResTime" : 11023.8,
    "pct3ResTime" : 11639.060000000001,
    "throughput" : 0.8086885497788238,
    "receivedKBytesPerSec" : 211.4816905330875,
    "sentKBytesPerSec" : 0.4797271046793415
  },
  "720 /mod/quiz/startattempt.php-0" : {
    "transaction" : "720 /mod/quiz/startattempt.php-0",
    "sampleCount" : 300,
    "errorCount" : 0,
    "errorPct" : 0.0,
    "meanResTime" : 7120.286666666665,
    "minResTime" : 452.0,
    "maxResTime" : 11058.0,
    "pct1ResTime" : 9878.9,
    "pct2ResTime" : 10093.45,
    "pct3ResTime" : 10630.65,
    "throughput" : 0.8121013935659914,
    "receivedKBytesPerSec" : 0.9059265975387915,
    "sentKBytesPerSec" : 0.5343690615085596
  },
  "732 /mod/quiz/processattempt.php-0" : {
    "transaction" : "732 /mod/quiz/processattempt.php-0",
    "sampleCount" : 300,
    "errorCount" : 0,
    "errorPct" : 0.0,
    "meanResTime" : 6248.279999999998,
    "minResTime" : 1093.0,
    "maxResTime" : 11676.0,
    "pct1ResTime" : 8677.1,
    "pct2ResTime" : 9231.699999999999,
    "pct3ResTime" : 10106.440000000002,
    "throughput" : 0.8064646203971032,
    "receivedKBytesPerSec" : 0.9138147221460561,
    "sentKBytesPerSec" : 1.4033245705911923
  },
  "880 /mod/quiz/processattempt.php-0" : {
    "transaction" : "880 /mod/quiz/processattempt.php-0",
    "sampleCount" : 300,
    "errorCount" : 0,
    "errorPct" : 0.0,
    "meanResTime" : 5036.3066666666655,
    "minResTime" : 370.0,
    "maxResTime" : 9055.0,
    "pct1ResTime" : 7632.200000000001,
    "pct2ResTime" : 8095.0,
    "pct3ResTime" : 8969.740000000005,
    "throughput" : 0.8446159953377197,
    "receivedKBytesPerSec" : 0.9421977365699019,
    "sentKBytesPerSec" : 1.4819216544760425
  },
  "880 /mod/quiz/processattempt.php-1" : {
    "transaction" : "880 /mod/quiz/processattempt.php-1",
    "sampleCount" : 300,
    "errorCount" : 0,
    "errorPct" : 0.0,
    "meanResTime" : 6501.669999999998,
    "minResTime" : 558.0,
    "maxResTime" : 10770.0,
    "pct1ResTime" : 9269.200000000003,
    "pct2ResTime" : 9897.349999999999,
    "pct3ResTime" : 10418.0,
    "throughput" : 0.851240114974165,
    "receivedKBytesPerSec" : 221.60346936652837,
    "sentKBytesPerSec" : 0.5049693801836976
  },
  "630 /mod/quiz/view.php" : {
    "transaction" : "630 /mod/quiz/view.php",
    "sampleCount" : 300,
    "errorCount" : 0,
    "errorPct" : 0.0,
    "meanResTime" : 8058.196666666666,
    "minResTime" : 402.0,
    "maxResTime" : 12748.0,
    "pct1ResTime" : 11115.9,
    "pct2ResTime" : 11471.6,
    "pct3ResTime" : 12391.230000000003,
    "throughput" : 0.8064602845191884,
    "receivedKBytesPerSec" : 206.98714407799412,
    "sentKBytesPerSec" : 0.41882380791728946
  },
  "720 /mod/quiz/startattempt.php-1" : {
    "transaction" : "720 /mod/quiz/startattempt.php-1",
    "sampleCount" : 300,
    "errorCount" : 0,
    "errorPct" : 0.0,
    "meanResTime" : 8539.246666666666,
    "minResTime" : 729.0,
    "maxResTime" : 12983.0,
    "pct1ResTime" : 10984.300000000001,
    "pct2ResTime" : 11362.449999999999,
    "pct3ResTime" : 11646.48,
    "throughput" : 0.8073913991285556,
    "receivedKBytesPerSec" : 211.2330310087077,
    "sentKBytesPerSec" : 0.5057655315192146
  },
  "880 Finish Attempt-1" : {
    "transaction" : "880 Finish Attempt-1",
    "sampleCount" : 300,
    "errorCount" : 0,
    "errorPct" : 0.0,
    "meanResTime" : 5644.116666666669,
    "minResTime" : 560.0,
    "maxResTime" : 10655.0,
    "pct1ResTime" : 8659.6,
    "pct2ResTime" : 9412.75,
    "pct3ResTime" : 10600.720000000003,
    "throughput" : 0.8910776395947378,
    "receivedKBytesPerSec" : 234.83154966198455,
    "sentKBytesPerSec" : 0.0
  },
  "464 /course/view.php" : {
    "transaction" : "464 /course/view.php",
    "sampleCount" : 600,
    "errorCount" : 0,
    "errorPct" : 0.0,
    "meanResTime" : 20112.180000000015,
    "minResTime" : 480.0,
    "maxResTime" : 43748.0,
    "pct1ResTime" : 39067.3,
    "pct2ResTime" : 40640.7,
    "pct3ResTime" : 43114.58,
    "throughput" : 1.4959273378227775,
    "receivedKBytesPerSec" : 1067.7833845402765,
    "sentKBytesPerSec" : 2.0924381028898824
  },
  "880 /mod/quiz/processattempt.php" : {
    "transaction" : "880 /mod/quiz/processattempt.php",
    "sampleCount" : 300,
    "errorCount" : 0,
    "errorPct" : 0.0,
    "meanResTime" : 11538.03333333333,
    "minResTime" : 1027.0,
    "maxResTime" : 19150.0,
    "pct1ResTime" : 16126.400000000001,
    "pct2ResTime" : 17621.899999999998,
    "pct3ResTime" : 18354.75,
    "throughput" : 0.8409839512229308,
    "receivedKBytesPerSec" : 219.87162675643,
    "sentKBytesPerSec" : 1.97443430688906
  },
  "300 /login/index.php-0" : {
    "transaction" : "300 /login/index.php-0",
    "sampleCount" : 300,
    "errorCount" : 0,
    "errorPct" : 0.0,
    "meanResTime" : 5720.550000000001,
    "minResTime" : 186.0,
    "maxResTime" : 15838.0,
    "pct1ResTime" : 13646.8,
    "pct2ResTime" : 14770.4,
    "pct3ResTime" : 15771.810000000001,
    "throughput" : 0.8214609409013617,
    "receivedKBytesPerSec" : 0.9249243742521284,
    "sentKBytesPerSec" : 0.565984449059838
  },
  "732 /mod/quiz/processattempt.php" : {
    "transaction" : "732 /mod/quiz/processattempt.php",
    "sampleCount" : 600,
    "errorCount" : 1,
    "errorPct" : 0.16666667,
    "meanResTime" : 18414.693333333344,
    "minResTime" : 2610.0,
    "maxResTime" : 33750.0,
    "pct1ResTime" : 26279.8,
    "pct2ResTime" : 27757.349999999988,
    "pct3ResTime" : 31215.100000000002,
    "throughput" : 1.5582189557335966,
    "receivedKBytesPerSec" : 612.3111268195453,
    "sentKBytesPerSec" : 4.059946590422148
  },
  "Total" : {
    "transaction" : "Total",
    "sampleCount" : 5800,
    "errorCount" : 1,
    "errorPct" : 0.01724138,
    "meanResTime" : 8240.916724137925,
    "minResTime" : 26.0,
    "maxResTime" : 32700.0,
    "pct1ResTime" : 14772.900000000001,
    "pct2ResTime" : 17819.999999999996,
    "pct3ResTime" : 30051.819999999996,
    "throughput" : 12.639029322548028,
    "receivedKBytesPerSec" : 2146.253541192476,
    "sentKBytesPerSec" : 11.049008278836599
  },
  "720 /mod/quiz/startattempt.php" : {
    "transaction" : "720 /mod/quiz/startattempt.php",
    "sampleCount" : 300,
    "errorCount" : 0,
    "errorPct" : 0.0,
    "meanResTime" : 15659.483333333324,
    "minResTime" : 1195.0,
    "maxResTime" : 22300.0,